<?xml version="1.0" encoding="UTF-8"?>
<GenRun Id="impl_2" LaunchPart="xc7k325tffg900-2" LaunchTime="1573110705">
  <File Type="OPT-HWDEF" Name="XOR64.hwdef"/>
  <File Type="ROUTE-BUS-SKEW" Name="XOR64_bus_skew_routed.rpt"/>
  <File Type="PA-DCP" Name="XOR64.dcp"/>
  <File Type="BITSTR-BMM" Name="XOR64_bd.bmm"/>
  <File Type="OPT-METHODOLOGY-DRC" Name="XOR64_methodology_drc_opted.rpt"/>
  <File Type="INIT-TIMING" Name="XOR64_timing_summary_init.rpt"/>
  <File Type="ROUTE-PWR" Name="XOR64_power_routed.rpt"/>
  <File Type="PA-TCL" Name="XOR64.tcl"/>
  <File Type="OPT-TIMING" Name="XOR64_timing_summary_opted.rpt"/>
  <File Type="OPT-DCP" Name="XOR64_opt.dcp"/>
  <File Type="ROUTE-PWR-SUM" Name="XOR64_power_summary_routed.pb"/>
  <File Type="REPORTS-TCL" Name="XOR64_reports.tcl"/>
  <File Type="OPT-DRC" Name="XOR64_drc_opted.rpt"/>
  <File Type="PWROPT-DCP" Name="XOR64_pwropt.dcp"/>
  <File Type="PWROPT-DRC" Name="XOR64_drc_pwropted.rpt"/>
  <File Type="PWROPT-TIMING" Name="XOR64_timing_summary_pwropted.rpt"/>
  <File Type="PLACE-DCP" Name="XOR64_placed.dcp"/>
  <File Type="PLACE-IO" Name="XOR64_io_placed.rpt"/>
  <File Type="PLACE-CLK" Name="XOR64_clock_utilization_placed.rpt"/>
  <File Type="PLACE-UTIL" Name="XOR64_utilization_placed.rpt"/>
  <File Type="PLACE-UTIL-PB" Name="XOR64_utilization_placed.pb"/>
  <File Type="PLACE-CTRL" Name="XOR64_control_sets_placed.rpt"/>
  <File Type="PLACE-SIMILARITY" Name="XOR64_incremental_reuse_placed.rpt"/>
  <File Type="PLACE-PRE-SIMILARITY" Name="XOR64_incremental_reuse_pre_placed.rpt"/>
  <File Type="PLACE-TIMING" Name="XOR64_timing_summary_placed.rpt"/>
  <File Type="POSTPLACE-PWROPT-DCP" Name="XOR64_postplace_pwropt.dcp"/>
  <File Type="BG-BIN" Name="XOR64.bin"/>
  <File Type="POSTPLACE-PWROPT-TIMING" Name="XOR64_timing_summary_postplace_pwropted.rpt"/>
  <File Type="PHYSOPT-DCP" Name="XOR64_physopt.dcp"/>
  <File Type="PHYSOPT-DRC" Name="XOR64_drc_physopted.rpt"/>
  <File Type="BITSTR-MSK" Name="XOR64.msk"/>
  <File Type="PHYSOPT-TIMING" Name="XOR64_timing_summary_physopted.rpt"/>
  <File Type="ROUTE-ERROR-DCP" Name="XOR64_routed_error.dcp"/>
  <File Type="ROUTE-DCP" Name="XOR64_routed.dcp"/>
  <File Type="ROUTE-BLACKBOX-DCP" Name="XOR64_routed_bb.dcp"/>
  <File Type="ROUTE-DRC" Name="XOR64_drc_routed.rpt"/>
  <File Type="ROUTE-DRC-PB" Name="XOR64_drc_routed.pb"/>
  <File Type="BITSTR-LTX" Name="debug_nets.ltx"/>
  <File Type="BITSTR-LTX" Name="XOR64.ltx"/>
  <File Type="ROUTE-DRC-RPX" Name="XOR64_drc_routed.rpx"/>
  <File Type="BITSTR-MMI" Name="XOR64.mmi"/>
  <File Type="ROUTE-METHODOLOGY-DRC" Name="XOR64_methodology_drc_routed.rpt"/>
  <File Type="ROUTE-METHODOLOGY-DRC-RPX" Name="XOR64_methodology_drc_routed.rpx"/>
  <File Type="BITSTR-SYSDEF" Name="XOR64.sysdef"/>
  <File Type="ROUTE-METHODOLOGY-DRC-PB" Name="XOR64_methodology_drc_routed.pb"/>
  <File Type="ROUTE-PWR-RPX" Name="XOR64_power_routed.rpx"/>
  <File Type="ROUTE-STATUS" Name="XOR64_route_status.rpt"/>
  <File Type="ROUTE-STATUS-PB" Name="XOR64_route_status.pb"/>
  <File Type="ROUTE-TIMINGSUMMARY" Name="XOR64_timing_summary_routed.rpt"/>
  <File Type="ROUTE-TIMING-PB" Name="XOR64_timing_summary_routed.pb"/>
  <File Type="ROUTE-TIMING-RPX" Name="XOR64_timing_summary_routed.rpx"/>
  <File Type="ROUTE-SIMILARITY" Name="XOR64_incremental_reuse_routed.rpt"/>
  <File Type="ROUTE-CLK" Name="XOR64_clock_utilization_routed.rpt"/>
  <File Type="ROUTE-BUS-SKEW-PB" Name="XOR64_bus_skew_routed.pb"/>
  <File Type="ROUTE-BUS-SKEW-RPX" Name="XOR64_bus_skew_routed.rpx"/>
  <File Type="POSTROUTE-PHYSOPT-DCP" Name="XOR64_postroute_physopt.dcp"/>
  <File Type="POSTROUTE-PHYSOPT-BLACKBOX-DCP" Name="XOR64_postroute_physopt_bb.dcp"/>
  <File Type="POSTROUTE-PHYSOPT-TIMING" Name="XOR64_timing_summary_postroute_physopted.rpt"/>
  <File Type="POSTROUTE-PHYSOPT-TIMING-PB" Name="XOR64_timing_summary_postroute_physopted.pb"/>
  <File Type="POSTROUTE-PHYSOPT-TIMING-RPX" Name="XOR64_timing_summary_postroute_physopted.rpx"/>
  <File Type="POSTROUTE-PHYSOPT-BUS-SKEW" Name="XOR64_bus_skew_postroute_physopted.rpt"/>
  <File Type="POSTROUTE-PHYSOPT-BUS-SKEW-PB" Name="XOR64_bus_skew_postroute_physopted.pb"/>
  <File Type="BG-BIT" Name="XOR64.bit"/>
  <File Type="POSTROUTE-PHYSOPT-BUS-SKEW-RPX" Name="XOR64_bus_skew_postroute_physopted.rpx"/>
  <File Type="BITSTR-RBT" Name="XOR64.rbt"/>
  <File Type="BITSTR-NKY" Name="XOR64.nky"/>
  <File Type="BG-BGN" Name="XOR64.bgn"/>
  <File Type="BG-DRC" Name="XOR64.drc"/>
  <File Type="RDI-RDI" Name="XOR64.vdi"/>
  <File Type="WBT-USG" Name="usage_statistics_webtalk.html"/>
  <FileSet Name="sources" Type="DesignSrcs" RelSrcDir="$PSRCDIR/sources_1">
    <Filter Type="Srcs"/>
    <File Path="$PSRCDIR/sources_1/new/XOR4.sv">
      <FileInfo>
        <Attr Name="UsedIn" Val="synthesis"/>
        <Attr Name="UsedIn" Val="implementation"/>
        <Attr Name="UsedIn" Val="simulation"/>
      </FileInfo>
    </File>
    <File Path="$PSRCDIR/sources_1/new/XOR64.sv">
      <FileInfo>
        <Attr Name="UsedIn" Val="synthesis"/>
        <Attr Name="UsedIn" Val="implementation"/>
        <Attr Name="UsedIn" Val="simulation"/>
      </FileInfo>
    </File>
    <Config>
      <Option Name="DesignMode" Val="RTL"/>
      <Option Name="TopModule" Val="XOR64"/>
    </Config>
  </FileSet>
  <FileSet Name="constrs_in" Type="Constrs" RelSrcDir="$PSRCDIR/constrs_1">
    <Filter Type="Constrs"/>
    <Config>
      <Option Name="ConstrsType" Val="XDC"/>
    </Config>
  </FileSet>
  <Strategy Version="1" Minor="2">
    <StratHandle Name="Vivado Implementation Defaults" Flow="Vivado Implementation 2018">
      <Desc>Default settings for Implementation.</Desc>
    </StratHandle>
    <Step Id="init_design"/>
    <Step Id="opt_design"/>
    <Step Id="power_opt_design"/>
    <Step Id="place_design"/>
    <Step Id="post_place_power_opt_design"/>
    <Step Id="phys_opt_design"/>
    <Step Id="route_design"/>
    <Step Id="post_route_phys_opt_design"/>
    <Step Id="write_bitstream"/>
  </Strategy>
</GenRun>
