<?xml version="1.0" encoding="UTF-8"?>
<GenRun Id="impl_2" LaunchPart="xc7vx485tffg1761-2" LaunchTime="1573465089">
  <File Type="BITSTR-BMM" Name="Reg1_bd.bmm"/>
  <File Type="ROUTE-PWR" Name="Reg1_power_routed.rpt"/>
  <File Type="PA-TCL" Name="Reg1.tcl"/>
  <File Type="OPT-DCP" Name="Reg1_opt.dcp"/>
  <File Type="ROUTE-PWR-SUM" Name="Reg1_power_summary_routed.pb"/>
  <File Type="REPORTS-TCL" Name="Reg1_reports.tcl"/>
  <File Type="OPT-DRC" Name="Reg1_drc_opted.rpt"/>
  <File Type="OPT-HWDEF" Name="Reg1.hwdef"/>
  <File Type="PWROPT-DCP" Name="Reg1_pwropt.dcp"/>
  <File Type="PLACE-DCP" Name="Reg1_placed.dcp"/>
  <File Type="PLACE-IO" Name="Reg1_io_placed.rpt"/>
  <File Type="PLACE-UTIL" Name="Reg1_utilization_placed.rpt"/>
  <File Type="PLACE-UTIL-PB" Name="Reg1_utilization_placed.pb"/>
  <File Type="PLACE-CTRL" Name="Reg1_control_sets_placed.rpt"/>
  <File Type="PLACE-PRE-SIMILARITY" Name="Reg1_incremental_reuse_pre_placed.rpt"/>
  <File Type="BG-BGN" Name="Reg1.bgn"/>
  <File Type="POSTPLACE-PWROPT-DCP" Name="Reg1_postplace_pwropt.dcp"/>
  <File Type="BG-BIN" Name="Reg1.bin"/>
  <File Type="PHYSOPT-DCP" Name="Reg1_physopt.dcp"/>
  <File Type="BITSTR-MSK" Name="Reg1.msk"/>
  <File Type="ROUTE-ERROR-DCP" Name="Reg1_routed_error.dcp"/>
  <File Type="ROUTE-DCP" Name="Reg1_routed.dcp"/>
  <File Type="ROUTE-BLACKBOX-DCP" Name="Reg1_routed_bb.dcp"/>
  <File Type="ROUTE-DRC" Name="Reg1_drc_routed.rpt"/>
  <File Type="ROUTE-DRC-PB" Name="Reg1_drc_routed.pb"/>
  <File Type="BITSTR-LTX" Name="Reg1.ltx"/>
  <File Type="ROUTE-DRC-RPX" Name="Reg1_drc_routed.rpx"/>
  <File Type="BITSTR-MMI" Name="Reg1.mmi"/>
  <File Type="ROUTE-METHODOLOGY-DRC" Name="Reg1_methodology_drc_routed.rpt"/>
  <File Type="ROUTE-METHODOLOGY-DRC-RPX" Name="Reg1_methodology_drc_routed.rpx"/>
  <File Type="BITSTR-SYSDEF" Name="Reg1.sysdef"/>
  <File Type="ROUTE-METHODOLOGY-DRC-PB" Name="Reg1_methodology_drc_routed.pb"/>
  <File Type="ROUTE-PWR-RPX" Name="Reg1_power_routed.rpx"/>
  <File Type="ROUTE-STATUS" Name="Reg1_route_status.rpt"/>
  <File Type="ROUTE-STATUS-PB" Name="Reg1_route_status.pb"/>
  <File Type="ROUTE-TIMINGSUMMARY" Name="Reg1_timing_summary_routed.rpt"/>
  <File Type="ROUTE-TIMING-PB" Name="Reg1_timing_summary_routed.pb"/>
  <File Type="ROUTE-TIMING-RPX" Name="Reg1_timing_summary_routed.rpx"/>
  <File Type="RDI-RDI" Name="Reg1.vdi"/>
  <File Type="ROUTE-CLK" Name="Reg1_clock_utilization_routed.rpt"/>
  <File Type="ROUTE-BUS-SKEW" Name="Reg1_bus_skew_routed.rpt"/>
  <File Type="ROUTE-BUS-SKEW-PB" Name="Reg1_bus_skew_routed.pb"/>
  <File Type="ROUTE-BUS-SKEW-RPX" Name="Reg1_bus_skew_routed.rpx"/>
  <File Type="POSTROUTE-PHYSOPT-DCP" Name="Reg1_postroute_physopt.dcp"/>
  <File Type="POSTROUTE-PHYSOPT-BLACKBOX-DCP" Name="Reg1_postroute_physopt_bb.dcp"/>
  <File Type="BG-BIT" Name="Reg1.bit"/>
  <File Type="BITSTR-RBT" Name="Reg1.rbt"/>
  <File Type="BITSTR-NKY" Name="Reg1.nky"/>
  <File Type="BG-DRC" Name="Reg1.drc"/>
  <File Type="WBT-USG" Name="usage_statistics_webtalk.html"/>
  <FileSet Name="sources" Type="DesignSrcs" RelSrcDir="$PSRCDIR/sources_1">
    <Filter Type="Srcs"/>
    <File Path="$PSRCDIR/sources_1/new/S.sv">
      <FileInfo>
        <Attr Name="UsedIn" Val="synthesis"/>
        <Attr Name="UsedIn" Val="implementation"/>
        <Attr Name="UsedIn" Val="simulation"/>
      </FileInfo>
    </File>
    <File Path="$PSRCDIR/sources_1/new/S8.sv">
      <FileInfo>
        <Attr Name="UsedIn" Val="synthesis"/>
        <Attr Name="UsedIn" Val="implementation"/>
        <Attr Name="UsedIn" Val="simulation"/>
      </FileInfo>
    </File>
    <File Path="$PSRCDIR/sources_1/new/Reg1.sv">
      <FileInfo>
        <Attr Name="UsedIn" Val="synthesis"/>
        <Attr Name="UsedIn" Val="implementation"/>
        <Attr Name="UsedIn" Val="simulation"/>
      </FileInfo>
    </File>
    <Config>
      <Option Name="DesignMode" Val="RTL"/>
      <Option Name="TopModule" Val="Reg1"/>
    </Config>
  </FileSet>
  <FileSet Name="constrs_in" Type="Constrs" RelSrcDir="$PSRCDIR/constrs_1">
    <Filter Type="Constrs"/>
    <Config>
      <Option Name="ConstrsType" Val="XDC"/>
    </Config>
  </FileSet>
  <Strategy Version="1" Minor="2">
    <StratHandle Name="Area_Explore" Flow="Vivado Implementation 2018"/>
    <Step Id="init_design"/>
    <Step Id="opt_design">
      <Option Id="Directive">1</Option>
    </Step>
    <Step Id="power_opt_design"/>
    <Step Id="place_design"/>
    <Step Id="post_place_power_opt_design"/>
    <Step Id="phys_opt_design"/>
    <Step Id="route_design"/>
    <Step Id="post_route_phys_opt_design"/>
    <Step Id="write_bitstream"/>
  </Strategy>
</GenRun>
