<?xml version="1.0" encoding="UTF-8"?>
<GenRun Id="synth_2" LaunchPart="xc7vx485tffg1761-2" LaunchTime="1573465089">
  <File Type="PA-TCL" Name="Reg1.tcl"/>
  <File Type="REPORTS-TCL" Name="Reg1_reports.tcl"/>
  <File Type="RDS-RDS" Name="Reg1.vds"/>
  <File Type="RDS-UTIL" Name="Reg1_utilization_synth.rpt"/>
  <File Type="RDS-UTIL-PB" Name="Reg1_utilization_synth.pb"/>
  <File Type="RDS-DCP" Name="Reg1.dcp"/>
  <FileSet Name="sources" Type="DesignSrcs" RelSrcDir="$PSRCDIR/sources_1">
    <Filter Type="Srcs"/>
    <File Path="$PSRCDIR/sources_1/new/S.sv">
      <FileInfo>
        <Attr Name="UsedIn" Val="synthesis"/>
        <Attr Name="UsedIn" Val="implementation"/>
        <Attr Name="UsedIn" Val="simulation"/>
      </FileInfo>
    </File>
    <File Path="$PSRCDIR/sources_1/new/S8.sv">
      <FileInfo>
        <Attr Name="UsedIn" Val="synthesis"/>
        <Attr Name="UsedIn" Val="implementation"/>
        <Attr Name="UsedIn" Val="simulation"/>
      </FileInfo>
    </File>
    <File Path="$PSRCDIR/sources_1/new/Reg1.sv">
      <FileInfo>
        <Attr Name="UsedIn" Val="synthesis"/>
        <Attr Name="UsedIn" Val="implementation"/>
        <Attr Name="UsedIn" Val="simulation"/>
      </FileInfo>
    </File>
    <Config>
      <Option Name="DesignMode" Val="RTL"/>
      <Option Name="TopModule" Val="Reg1"/>
    </Config>
  </FileSet>
  <FileSet Name="constrs_in" Type="Constrs" RelSrcDir="$PSRCDIR/constrs_1">
    <Filter Type="Constrs"/>
    <Config>
      <Option Name="ConstrsType" Val="XDC"/>
    </Config>
  </FileSet>
  <Strategy Version="1" Minor="2">
    <StratHandle Name="Flow_AreaOptimized_high" Flow="Vivado Synthesis 2018"/>
    <Step Id="synth_design">
      <Option Id="Directive">1</Option>
      <Option Id="ControlSetOptThreshold">1</Option>
    </Step>
  </Strategy>
</GenRun>
