<?xml version="1.0" encoding="UTF-8"?>
<GenRun Id="synth_3" LaunchPart="xc7k325tffg900-2" LaunchTime="1573110588">
  <File Type="PA-TCL" Name="XOR64.tcl"/>
  <File Type="RDS-PROPCONSTRS" Name="XOR64_drc_synth.rpt"/>
  <File Type="REPORTS-TCL" Name="XOR64_reports.tcl"/>
  <File Type="RDS-RDS" Name="XOR64.vds"/>
  <File Type="RDS-UTIL" Name="XOR64_utilization_synth.rpt"/>
  <File Type="RDS-UTIL-PB" Name="XOR64_utilization_synth.pb"/>
  <File Type="RDS-DCP" Name="XOR64.dcp"/>
  <File Type="VDS-TIMINGSUMMARY" Name="XOR64_timing_summary_synth.rpt"/>
  <File Type="VDS-TIMING-PB" Name="XOR64_timing_summary_synth.pb"/>
  <FileSet Name="sources" Type="DesignSrcs" RelSrcDir="$PSRCDIR/sources_1">
    <Filter Type="Srcs"/>
    <File Path="$PSRCDIR/sources_1/new/XOR4.sv">
      <FileInfo>
        <Attr Name="UsedIn" Val="synthesis"/>
        <Attr Name="UsedIn" Val="implementation"/>
        <Attr Name="UsedIn" Val="simulation"/>
      </FileInfo>
    </File>
    <File Path="$PSRCDIR/sources_1/new/XOR64.sv">
      <FileInfo>
        <Attr Name="UsedIn" Val="synthesis"/>
        <Attr Name="UsedIn" Val="implementation"/>
        <Attr Name="UsedIn" Val="simulation"/>
      </FileInfo>
    </File>
    <Config>
      <Option Name="DesignMode" Val="RTL"/>
      <Option Name="TopModule" Val="XOR64"/>
    </Config>
  </FileSet>
  <FileSet Name="constrs_in" Type="Constrs" RelSrcDir="$PSRCDIR/constrs_1">
    <Filter Type="Constrs"/>
    <Config>
      <Option Name="ConstrsType" Val="XDC"/>
    </Config>
  </FileSet>
  <Strategy Version="1" Minor="2">
    <StratHandle Name="Flow_AreaOptimized_high" Flow="Vivado Synthesis 2018">
      <Desc>Performs general area optimizations including changing the threshold for control set optimizations, forcing ternary adder implementation, applying lower thresholds for use of carry chain in comparators and also area optimized mux optimizations.</Desc>
    </StratHandle>
    <Step Id="synth_design">
      <Option Id="ControlSetOptThreshold">1</Option>
      <Option Id="Directive">1</Option>
    </Step>
  </Strategy>
</GenRun>
